observed_at_utc,paper_id,title,authors,venue,year,citations
2026-08-05T21:46:00Z,4fKUyHm3Qg0C,Genomic data provide insights into the classification of extant termites,"S Hellemans, MM Rocha, M Wang, J Romero Arias, DK Aanen, ...","Nature Communications 15 (1), 6724, 2024",2024,89
2026-08-05T21:46:00Z,NaGl4SEjCO4C,A genomic imprinting model of termite caste determination: not genetic but epigenetic inheritance influences offspring caste fate,"K Matsuura, N Mizumoto, K Kobayashi, T Nozaki, T Fujita, T Yashiro, ...","The American Naturalist 191 (6), 677-690, 2018",2018,68
2026-08-05T21:46:00Z,NMxIlDl6LWMC,Anomalous diffusion on the servosphere: A potential tool for detecting inherent organismal movement patterns,"N Nagaya, N Mizumoto, MS Abe, S Dobata, R Sato, R Fujisawa","PloS one 12 (6), e0177480, 2017",2017,52
2026-08-05T21:46:00Z,4OULZ7Gr8RgC,Chemical identification of an aggregation pheromone in the termite Reticulitermes speratus,"Y Mitaka, S Matsuyama, N Mizumoto, K Matsuura, T Akino","Scientific reports 10 (1), 7424, 2020",2020,49
2026-08-05T21:46:00Z,J_g5lzvAfSwC,Adaptive switch to sexually dimorphic movements by partner-seeking termites,"N Mizumoto, S Dobata","Science advances 5 (6), eaau6108, 2019",2019,45
2026-08-05T21:46:00Z,xtRiw3GOFMkC,"Molecular phylogeny reveals the past transoceanic voyages of drywood termites (Isoptera, Kalotermitidae)","A Buček, M Wang, J Šobotník, S Hellemans, D Sillam-Dussès, ...","Molecular Biology and Evolution 39 (5), msac093, 2022",2022,42
2026-08-05T21:46:00Z,cFHS6HbyZ2cC,Complex relationship between tunneling patterns and individual behaviors in termites,"N Mizumoto, PM Bardunias, SC Pratt","The American Naturalist 196 (5), 555-565, 2020",2020,42
2026-08-05T21:46:00Z,f2IySw72cVMC,Coordination of movement via complementary interactions of leaders and followers in termite mating pairs,"N Mizumoto, SB Lee, G Valentini, T Chouvenc, SC Pratt","Proceedings of the Royal Society B: Biological Sciences 288 (1954), 20210998, 2021",2021,37
2026-08-05T21:46:00Z,dfsIfKJdRG4C,Modern termites inherited the potential of collective construction from their common ancestor,"N Mizumoto, T Bourguignon","Ecology and Evolution 10 (13), 6775-6784, 2020",2020,36
2026-08-05T21:46:00Z,M3NEmzRMIkIC,Male same-sex pairing as an adaptive strategy for future reproduction in termites,"N Mizumoto, T Yashiro, K Matsuura","Animal Behaviour 119, 179-187, 2016",2016,36
2026-08-05T21:46:00Z,1sJd4Hv_s6UC,Ancestral sex-role plasticity facilitates the evolution of same-sex sexual behavior,"N Mizumoto, T Bourguignon, NW Bailey","Proceedings of the National Academy of Sciences 119 (46), e2212401119, 2022",2022,32
2026-08-05T21:46:00Z,ZHo1McVdvXMC,Revealing the structure of information flows discriminates similar animal social behaviors,"G Valentini, N Mizumoto, SC Pratt, TP Pavlic, SI Walker","Elife 9, e55395, 2020",2020,32
2026-08-05T21:46:00Z,hMod-77fHWUC,Optimizing mating encounters by sexually dimorphic movements,"N Mizumoto, MS Abe, S Dobata","Journal of The Royal Society Interface 14 (130), 20170086, 2017",2017,30
2026-08-05T21:46:00Z,yD5IFk8b50cC,Termite males enhance mating encounters by changing speed according to density,"N Mizumoto, A Rizo, SC Pratt, T Chouvenc","Journal of Animal Ecology 89 (11), 2542-2552, 2020",2020,29
2026-08-05T21:46:00Z,u5HHmVD_uO8C,Colony-specific architecture of shelter tubes by termites,"N Mizumoto, K Matsuura","Insectes sociaux 60 (4), 525-530, 2013",2013,29
2026-08-05T21:46:00Z,u-x6o8ySG0sC,Emergence of intercolonial variation in termite shelter tube patterns and prediction of its underlying mechanism,"N Mizumoto, K Kobayashi, K Matsuura","Royal Society Open Science 2 (11), 150360, 2015",2015,27
2026-08-05T21:46:00Z,EUQCXRtRnyEC,The evolution of body size in termites,"N Mizumoto, T Bourguignon","Proceedings of the Royal Society B: Biological Sciences 288 (1963), 20211458, 2021",2021,25
2026-08-05T21:46:00Z,CHSYGLWDkRkC,Age-based spatial distribution of workers is resilient to worker loss in a subterranean termite,"SB Lee, T Chouvenc, N Mizumoto, A Mullins, NY Su","Scientific reports 12 (1), 7837, 2022",2022,24
2026-08-05T21:46:00Z,vV6vV6tmYwMC,Loss of males from mixed-sex societies in termites,"T Yashiro, N Lo, K Kobayashi, T Nozaki, T Fuchikawa, N Mizumoto, ...","BMC biology 16 (1), 96, 2018",2018,24
2026-08-05T21:46:00Z,70eg2SAEIzsC,Inferring collective behaviour from a fossilized fish shoal,"N Mizumoto, S Miyata, SC Pratt","Proceedings of the Royal Society B: Biological Sciences 286 (1903), 20190891, 2019",2019,23
2026-08-05T21:46:00Z,BqipwSGYUEgC,Nature of collective decision-making by simple yes/no decision units,"E Hasegawa, N Mizumoto, K Kobayashi, S Dobata, J Yoshimura, ...","Scientific reports 7 (1), 14436, 2017",2017,19
2026-08-05T21:46:00Z,a0OBvERweLwC,Behavioral rules for soil excavation by colony founders and workers in termites,"N Mizumoto, GH Gile, SC Pratt","Annals of the Entomological Society of America 114 (5), 654-661, 2021",2021,17
2026-08-05T21:46:00Z,b0M2c_1WBrUC,Enhanced heterozygosity from male meiotic chromosome chains is superseded by hybrid female asexuality in termites,"T Yashiro, YK Tea, C Van Der Wal, T Nozaki, N Mizumoto, S Hellemans, ...","Proceedings of the National Academy of Sciences 118 (51), e2009533118, 2021",2021,16
2026-08-05T21:46:00Z,RGFaLdJalmkC,The optimal movement patterns for mating encounters with sexually asymmetric detection ranges,"N Mizumoto, S Dobata","Scientific Reports 8 (1), 3356, 2018",2018,15
2026-08-05T21:46:00Z,NhqRSupF_l8C,Termite nest evolution fostered social parasitism by termitophilous rove beetles,"N Mizumoto, T Bourguignon, T Kanao","Evolution 76 (5), 1064-1072, 2022",2022,14
2026-08-05T21:46:00Z,nb7KW1ujOQ8C,Light alters activity but does not disturb tandem coordination of termite mating pairs,"N Mizumoto, T Bourguignon","Ecological Entomology 48 (2), 145-153, 2023",2023,13
2026-08-05T21:46:00Z,SeFeTyx0c_EC,Caste‐biased locomotor activities in isolated termites,"H Shimoji, N Mizumoto, K Oguchi, S Dobata","Physiological Entomology 45 (1), 50-59, 2020",2020,13
2026-08-05T21:46:00Z,tS2w5q8j5-wC,Ant and termite collective behavior: group‐level similarity arising from individual‐level diversity,"N Mizumoto, CR Reid","Ecological Research 39 (5), 646-658, 2024",2024,10
2026-08-05T21:46:00Z,B3FOqHPlNUQC,The strength of sexual signals predicts same-sex pairing in two Coptotermes termites,"N Mizumoto, SB Lee, T Chouvenc","Behavioral Ecology 35 (5), arae067, 2024",2024,9
2026-08-05T21:46:00Z,dshw04ExmUIC,Functional and mechanistic diversity in ant tandem communication,"N Mizumoto, Y Tanaka, G Valentini, TO Richardson, S Annagiri, SC Pratt, ...","IScience 26 (4), 2023",2023,9
2026-08-05T21:46:00Z,D03iK_w7-QYC,Spirotrichonymphea (Parabasalia) symbionts of the termite Paraneotermes simplicicornis,"SJ Taerum, DE Jasso-Selles, JT Hileman, F De Martini, N Mizumoto, ...","European Journal of Protistology 76, 125742, 2020",2020,9
2026-08-05T21:46:00Z,YFjsv_pBGBYC,Pairing strategy after today's failure: unpaired termites synchronize mate search using photic cycles,"N Mizumoto, T Fuchikawa, K Matsuura","Population Ecology 59 (3), 205-211, 2017",2017,9
2026-08-05T21:46:00Z,uWQEDVKXjbEC,Extinct and extant termites reveal the fidelity of behavior fossilization in amber,"N Mizumoto, S Hellemans, MS Engel, T Bourguignon, A Buček","Proceedings of the National Academy of Sciences 121 (12), e2308922121, 2024",2024,8
2026-08-05T21:46:00Z,M05iB0D1s5AC,"Molecular Phylogenetic Position of Hoplonympha natator (Trichonymphea, Parabasalia): Horizontal Symbiont Transfer or Differential Loss?","ED Mee, MG Gaylor, DE Jasso‐Selles, N Mizumoto, GH Gile","Journal of Eukaryotic Microbiology 67 (2), 268-272, 2020",2020,7
2026-08-05T21:46:00Z,D_sINldO8mEC,Maintaining tandem movement cohesion through antennal movements in termites,"N Mizumoto, S Reiter","Journal of The Royal Society Interface 22 (232), 20250487, 2025",2025,6
2026-08-05T21:46:00Z,WbkHhVStYXYC,Wasted efforts impair random search efficiency and reduce choosiness in mate-pairing termites,"N Mizumoto, N Nagaya, R Fujisawa","The American Naturalist 204 (6), 589-599, 2024",2024,6
2026-08-05T21:46:00Z,XiSMed-E-HIC,The significance of social interactions in synchronized swarming flight in a termite,"N Mizumoto, T Nozaki","Biology Letters 20 (11), 20240423, 2024",2024,6
2026-08-05T21:46:00Z,sSrBHYA8nusC,Subterranean termites (Coptotermes formosanus [Blattodea: Rhinotermitidae]) colonies can readily intercept commercial inground bait stations placed at label …,"K Gazdick, SB Lee, N Mizumoto, T Chouvenc, NY Su","Journal of Economic Entomology 118 (3), 1363-1372, 2025",2025,5
2026-08-05T21:46:00Z,olpn-zPbct0C,"More individuals or more groups? Incorporating sampling effort, statistical power, and model accuracy when designing experiments","CM Lynch, M Starkey, D Montgomery, TP Pavlic, N Mizumoto","Behavioral Ecology and Sociobiology 79 (11), 106, 2025",2025,2
2026-08-05T21:46:00Z,wbdj-CoPYUoC,Intragenomic 18S Sequence Variability in the Termite Symbionts Kofoidia loriculata and Kofoidia repleta n. sp. (Parabasalia),"E Mirza, DE Jasso‐Selles, N Mizumoto, GH Gile","Journal of Eukaryotic Microbiology 72 (5), e70039, 2025",2025,2
2026-08-05T21:46:00Z,J-pR_7NvFogC,"Observation of tandem running behavior in dealates of Asian dampwood termite, Hodotermopsis sjostedti","N Mizumoto, W Chambliss, EP Carroll, T Nakazono, T Kanao","Journal of Ethology 43 (3), 239-245, 2025",2025,2
2026-08-05T21:46:00Z,KxtntwgDAa4C,TManual: Assistant for manually measuring length development in structures built by animals,N Mizumoto,"Ecology and Evolution 13 (8), e10394, 2023",2023,2
2026-08-05T21:46:00Z,kRWSkSYxWN8C,Evaluating mate encounter and walking dispersal dynamics of termites using posture tracking and behavioral simulation,N Mizumoto,"Journal of Pest Science 99 (2), 57, 2026",2026,1
2026-08-05T21:46:00Z,5ugPr518TE4C,Variation in soldier investment is linked to the evolution of termite soldier defense strategies,"A Satoh, I Planas-Sitjà, AL Cronin, N Mizumoto","Evolutionary Ecology 40 (2), 21, 2026",2026,1
2026-08-05T21:46:00Z,Mojj43d5GZwC,Loss of pair formation predates the evolution of male-less society in termites,"N Mizumoto, T Yashiro, S Hellemans","Evolution 80 (2), 460-471, 2026",2026,1
2026-08-05T21:46:00Z,tkaPQYYpVKoC,Nesting strategy reflects individual worker movement in termites,"K Kikuchi, T Bourguignon, N Mizumoto","Movement Ecology 13 (1), 88, 2025",2025,1
2026-08-05T21:46:00Z,geHnlv5EZngC,Predation-driven geographical isolation of broods in periodical cicadas,"DCN Cuaresma, MKA Gavina, JF Rabajante, JM Tubay, T Okabe, ...","Scientific Reports 14 (1), 27071, 2024",2024,1
2026-08-05T21:46:00Z,3s1wT3WcHBgC,オスとメスの相互探索の最適化が生み出す動きのパターンの性差,水元惟暁,"動物心理学研究 69 (1), 17-25, 2019",2019,1
2026-08-05T21:46:00Z,lSLTfruPkqcC,Barricade construction by primitive termites: Task allocation and evolutionary perspectives,N Mizumoto,"Artificial Life and Robotics 23 (4), 469-473, 2018",2018,1
2026-08-05T21:46:00Z,5awf1xo2G04C,Beyond mistakes: same-sex partner acceptance and broad mating filters coexist in termite pairing,"N Mizumoto, EP Carroll","EcoEvoRxiv, 2026",2026,0
2026-08-05T21:46:00Z,eq2jaN3J8jMC,Four decades of inland invasion by Formosan subterranean termite in Alabama: expansion associated with transportation infrastructure,"XP Hu, N Mizumoto","EcoEvoRxiv, 2026",2026,0
2026-08-05T21:46:00Z,9vf0nzSNQJEC,Hidden role plasticity of the reproductive caste in a morphologically differentiated termite society,"N Mizumoto, CH Kaliang, T Kanao","Oikos, e12492, 2026",2026,0
2026-08-05T21:46:00Z,dTyEYWd-f8wC,Body-like coordination emerges in paired termite locomotion,"N Mizumoto, S Kamimoto","bioRxiv, 2026.05. 22.727143, 2026",2026,0
2026-08-05T21:46:00Z,JoZmwDi-zQgC,Colony phase structure favors permanent worker evolution in juvenile social systems,N Mizumoto,"bioRxiv, 2026.04. 24.720620, 2026",2026,0
2026-08-05T21:46:00Z,_B80troHkn4C,Independent evolution of a living bridge in the old world army ant lineage,"N Mizumoto, K Arimoto, CH Kaliang, T Kanao","The Science of Nature 113 (2), 28, 2026",2026,0
2026-08-05T21:46:00Z,SdhP9T11ey4C,The evolutionary origin of group recruitment in acorn ants.,"GN Doering, S Gerardi, N Mizumoto, TA Linksvayer","APS Global Physics Summit 2026, 2026",2026,0
2026-08-05T21:46:00Z,Y5dfb0dijaUC,Testing the inbreeding hypothesis of neo-sex-chromosome evolution,"M Adams, K Kikuchi, S Araki, T Yashiro, N Mizumoto, S Hellemans, ...",,2025,0
2026-08-05T21:46:00Z,t6usbXjVLHcC,Diversification of pre-mating behaviors through temporal reordering of components,"E Carroll, T Kanao, N Lo, N Mizumoto","bioRxiv, 2025.10. 22.683896, 2025",2025,0
2026-08-05T21:46:00Z,XiVPGOgt02cC,Evolution of sideways locomotion in crabs,"J Taniguchi, T Inoue, K Kohara, JF Huang, A Hirai, N Mizumoto, ...","bioRxiv, 2025.09. 20.677458, 2025",2025,0
2026-08-05T21:46:00Z,PELIpwtuRlgC,小型生物へ複合刺激を印加可能にするサーボスフィアの制御と評価,志垣俊介， 永谷直久， 水元惟暁， 梅本和希， 龍宏亮， 藤澤隆介,"システム制御情報学会 研究発表講演会講演論文集 第 69 回システム制御情報学会研 …, 2025",2025,0
2026-08-05T21:46:00Z,bnK-pcrLprsC,Japan Eco-Evo English Seminar (JEEES): A platform for international science exchange and professional development in Japan,"H Fujioka, N Mizumoto, JM Kass","Japanese Journal of Ecology 75 (1), 119-126, 2025",2025,0
2026-08-05T21:46:00Z,1qzjygNMrQYC,おおい町および若狭町におけるナカジマシロアリ Glyptotermes nakajimai の報告,水元惟暁,"福井市自然史博物館研究報告= Bulletin of the Fukui City Museum of Natural …, 2024",2024,0
2026-08-05T21:46:00Z,u9iWguZQMMsC,Protocol to obtain long movement trajectories of leaders and followers in ant tandem runs,"Y Tanaka, G Valentini, SC Pratt, H Shimoji, N Mizumoto","STAR protocols 4 (4), 2023",2023,0
2026-08-05T21:46:00Z,eMMeJKvmdy0C,Evolution of leader-follower role in termite tandem runs,"N Mizumoto, K Kikuchi, S Hellemans, T Bourguignon, N Bailey",,2023,0
2026-08-05T21:46:00Z,OU6Ihb5iCvQC,"私とシロアリ, そして VR",水元惟暁,"日本バーチャルリアリティ学会誌 27 (2), 8-11, 2022",2022,0
2026-08-05T21:46:00Z,p2g8aNsByqUC,シロアリのランデブー探索,水元惟暁,"オペレーションズ・リサーチ 67, 167-172, 2022",2022,0
2026-08-05T21:46:00Z,zA6iFVUQeVQC,Convergent evolution of termite tunneling with differentiated behavioral rules,"N Mizumoto, P Bardunias, SC Pratt","Entomology 2019, 2019",2019,0
2026-08-05T21:46:00Z,2P1L_qKh6hAC,Sexually differential movements and optimization of mating encounters,N MIZUMOTO,"Japanese Journal of Animal Psychology 69 (1), 17-25, 2019",2019,0
2026-08-05T21:46:00Z,rO6llkc54NcC,生物の探索行動と建設行動のパターン形成アルゴリズムに関する研究,水元惟暁,"(No Title), 2018",2018,0
2026-08-05T21:46:00Z,RYcK_YlVTxYC,シロアリのオスによる同性ペアの機能と意義の解明,水元惟暁,"昆虫と自然/昆虫と自然編集委員会 編 53 (2), 9-12, 図巻頭 1p, 2018",2018,0
2026-08-05T21:46:00Z,O3NaXMp0MMsC,自己組織化から拓く社会性昆虫の生態学,水元惟暁， 土畑重人,"日本ロボット学会誌 35 (6), 448-454, 2017",2017,0
2026-08-05T21:46:00Z,ns9cj8rnVeAC,シロアリの構造物形成の自己組織化研究: ヤマトシロアリの蟻道建設におけるコロニー特異性,水元惟暁,"しろあり= Termite journal, 21-25, 2015",2015,0
2026-08-05T21:46:00Z,d1gkVwhDpl0C,Emergence of colony-specific architectures in termite shelter-tube construction,"N Mizumoto, K Kobayashi, K Matsuura","IUSSI, 2014",2014,0
2026-08-07T13:40:58Z,4fKUyHm3Qg0C,Genomic data provide insights into the classification of extant termites,"S Hellemans, MM Rocha, M Wang, J Romero Arias, DK Aanen, ...","Nature Communications 15 (1), 6724, 2024",2024,89
2026-08-07T13:40:58Z,NaGl4SEjCO4C,A genomic imprinting model of termite caste determination: not genetic but epigenetic inheritance influences offspring caste fate,"K Matsuura, N Mizumoto, K Kobayashi, T Nozaki, T Fujita, T Yashiro, ...","The American Naturalist 191 (6), 677-690, 2018",2018,68
2026-08-07T13:40:58Z,NMxIlDl6LWMC,Anomalous diffusion on the servosphere: A potential tool for detecting inherent organismal movement patterns,"N Nagaya, N Mizumoto, MS Abe, S Dobata, R Sato, R Fujisawa","PloS one 12 (6), e0177480, 2017",2017,52
2026-08-07T13:40:58Z,4OULZ7Gr8RgC,Chemical identification of an aggregation pheromone in the termite Reticulitermes speratus,"Y Mitaka, S Matsuyama, N Mizumoto, K Matsuura, T Akino","Scientific reports 10 (1), 7424, 2020",2020,50
2026-08-07T13:40:58Z,J_g5lzvAfSwC,Adaptive switch to sexually dimorphic movements by partner-seeking termites,"N Mizumoto, S Dobata","Science advances 5 (6), eaau6108, 2019",2019,45
2026-08-07T13:40:58Z,xtRiw3GOFMkC,"Molecular phylogeny reveals the past transoceanic voyages of drywood termites (Isoptera, Kalotermitidae)","A Buček, M Wang, J Šobotník, S Hellemans, D Sillam-Dussès, ...","Molecular Biology and Evolution 39 (5), msac093, 2022",2022,42
2026-08-07T13:40:58Z,cFHS6HbyZ2cC,Complex relationship between tunneling patterns and individual behaviors in termites,"N Mizumoto, PM Bardunias, SC Pratt","The American Naturalist 196 (5), 555-565, 2020",2020,42
2026-08-07T13:40:58Z,f2IySw72cVMC,Coordination of movement via complementary interactions of leaders and followers in termite mating pairs,"N Mizumoto, SB Lee, G Valentini, T Chouvenc, SC Pratt","Proceedings of the Royal Society B: Biological Sciences 288 (1954), 20210998, 2021",2021,37
2026-08-07T13:40:58Z,dfsIfKJdRG4C,Modern termites inherited the potential of collective construction from their common ancestor,"N Mizumoto, T Bourguignon","Ecology and Evolution 10 (13), 6775-6784, 2020",2020,36
2026-08-07T13:40:58Z,M3NEmzRMIkIC,Male same-sex pairing as an adaptive strategy for future reproduction in termites,"N Mizumoto, T Yashiro, K Matsuura","Animal Behaviour 119, 179-187, 2016",2016,36
2026-08-07T13:40:58Z,1sJd4Hv_s6UC,Ancestral sex-role plasticity facilitates the evolution of same-sex sexual behavior,"N Mizumoto, T Bourguignon, NW Bailey","Proceedings of the National Academy of Sciences 119 (46), e2212401119, 2022",2022,32
2026-08-07T13:40:58Z,ZHo1McVdvXMC,Revealing the structure of information flows discriminates similar animal social behaviors,"G Valentini, N Mizumoto, SC Pratt, TP Pavlic, SI Walker","Elife 9, e55395, 2020",2020,32
2026-08-07T13:40:58Z,hMod-77fHWUC,Optimizing mating encounters by sexually dimorphic movements,"N Mizumoto, MS Abe, S Dobata","Journal of The Royal Society Interface 14 (130), 20170086, 2017",2017,30
2026-08-07T13:40:58Z,yD5IFk8b50cC,Termite males enhance mating encounters by changing speed according to density,"N Mizumoto, A Rizo, SC Pratt, T Chouvenc","Journal of Animal Ecology 89 (11), 2542-2552, 2020",2020,29
2026-08-07T13:40:58Z,u5HHmVD_uO8C,Colony-specific architecture of shelter tubes by termites,"N Mizumoto, K Matsuura","Insectes sociaux 60 (4), 525-530, 2013",2013,29
2026-08-07T13:40:58Z,u-x6o8ySG0sC,Emergence of intercolonial variation in termite shelter tube patterns and prediction of its underlying mechanism,"N Mizumoto, K Kobayashi, K Matsuura","Royal Society Open Science 2 (11), 150360, 2015",2015,27
2026-08-07T13:40:58Z,EUQCXRtRnyEC,The evolution of body size in termites,"N Mizumoto, T Bourguignon","Proceedings of the Royal Society B: Biological Sciences 288 (1963), 20211458, 2021",2021,25
2026-08-07T13:40:58Z,CHSYGLWDkRkC,Age-based spatial distribution of workers is resilient to worker loss in a subterranean termite,"SB Lee, T Chouvenc, N Mizumoto, A Mullins, NY Su","Scientific reports 12 (1), 7837, 2022",2022,24
2026-08-07T13:40:58Z,vV6vV6tmYwMC,Loss of males from mixed-sex societies in termites,"T Yashiro, N Lo, K Kobayashi, T Nozaki, T Fuchikawa, N Mizumoto, ...","BMC biology 16 (1), 96, 2018",2018,24
2026-08-07T13:40:58Z,70eg2SAEIzsC,Inferring collective behaviour from a fossilized fish shoal,"N Mizumoto, S Miyata, SC Pratt","Proceedings of the Royal Society B: Biological Sciences 286 (1903), 20190891, 2019",2019,23
2026-08-07T13:40:58Z,BqipwSGYUEgC,Nature of collective decision-making by simple yes/no decision units,"E Hasegawa, N Mizumoto, K Kobayashi, S Dobata, J Yoshimura, ...","Scientific reports 7 (1), 14436, 2017",2017,19
2026-08-07T13:40:58Z,a0OBvERweLwC,Behavioral rules for soil excavation by colony founders and workers in termites,"N Mizumoto, GH Gile, SC Pratt","Annals of the Entomological Society of America 114 (5), 654-661, 2021",2021,17
2026-08-07T13:40:58Z,b0M2c_1WBrUC,Enhanced heterozygosity from male meiotic chromosome chains is superseded by hybrid female asexuality in termites,"T Yashiro, YK Tea, C Van Der Wal, T Nozaki, N Mizumoto, S Hellemans, ...","Proceedings of the National Academy of Sciences 118 (51), e2009533118, 2021",2021,16
2026-08-07T13:40:58Z,RGFaLdJalmkC,The optimal movement patterns for mating encounters with sexually asymmetric detection ranges,"N Mizumoto, S Dobata","Scientific Reports 8 (1), 3356, 2018",2018,15
2026-08-07T13:40:58Z,NhqRSupF_l8C,Termite nest evolution fostered social parasitism by termitophilous rove beetles,"N Mizumoto, T Bourguignon, T Kanao","Evolution 76 (5), 1064-1072, 2022",2022,14
2026-08-07T13:40:58Z,nb7KW1ujOQ8C,Light alters activity but does not disturb tandem coordination of termite mating pairs,"N Mizumoto, T Bourguignon","Ecological Entomology 48 (2), 145-153, 2023",2023,13
2026-08-07T13:40:58Z,SeFeTyx0c_EC,Caste‐biased locomotor activities in isolated termites,"H Shimoji, N Mizumoto, K Oguchi, S Dobata","Physiological Entomology 45 (1), 50-59, 2020",2020,13
2026-08-07T13:40:58Z,tS2w5q8j5-wC,Ant and termite collective behavior: group‐level similarity arising from individual‐level diversity,"N Mizumoto, CR Reid","Ecological Research 39 (5), 646-658, 2024",2024,10
2026-08-07T13:40:58Z,B3FOqHPlNUQC,The strength of sexual signals predicts same-sex pairing in two Coptotermes termites,"N Mizumoto, SB Lee, T Chouvenc","Behavioral Ecology 35 (5), arae067, 2024",2024,9
2026-08-07T13:40:58Z,dshw04ExmUIC,Functional and mechanistic diversity in ant tandem communication,"N Mizumoto, Y Tanaka, G Valentini, TO Richardson, S Annagiri, SC Pratt, ...","IScience 26 (4), 2023",2023,9
2026-08-07T13:40:58Z,D03iK_w7-QYC,Spirotrichonymphea (Parabasalia) symbionts of the termite Paraneotermes simplicicornis,"SJ Taerum, DE Jasso-Selles, JT Hileman, F De Martini, N Mizumoto, ...","European Journal of Protistology 76, 125742, 2020",2020,9
2026-08-07T13:40:58Z,YFjsv_pBGBYC,Pairing strategy after today's failure: unpaired termites synchronize mate search using photic cycles,"N Mizumoto, T Fuchikawa, K Matsuura","Population Ecology 59 (3), 205-211, 2017",2017,9
2026-08-07T13:40:58Z,uWQEDVKXjbEC,Extinct and extant termites reveal the fidelity of behavior fossilization in amber,"N Mizumoto, S Hellemans, MS Engel, T Bourguignon, A Buček","Proceedings of the National Academy of Sciences 121 (12), e2308922121, 2024",2024,8
2026-08-07T13:40:58Z,M05iB0D1s5AC,"Molecular Phylogenetic Position of Hoplonympha natator (Trichonymphea, Parabasalia): Horizontal Symbiont Transfer or Differential Loss?","ED Mee, MG Gaylor, DE Jasso‐Selles, N Mizumoto, GH Gile","Journal of Eukaryotic Microbiology 67 (2), 268-272, 2020",2020,7
2026-08-07T13:40:58Z,D_sINldO8mEC,Maintaining tandem movement cohesion through antennal movements in termites,"N Mizumoto, S Reiter","Journal of The Royal Society Interface 22 (232), 20250487, 2025",2025,6
2026-08-07T13:40:58Z,WbkHhVStYXYC,Wasted efforts impair random search efficiency and reduce choosiness in mate-pairing termites,"N Mizumoto, N Nagaya, R Fujisawa","The American Naturalist 204 (6), 589-599, 2024",2024,6
2026-08-07T13:40:58Z,XiSMed-E-HIC,The significance of social interactions in synchronized swarming flight in a termite,"N Mizumoto, T Nozaki","Biology Letters 20 (11), 20240423, 2024",2024,6
2026-08-07T13:40:58Z,sSrBHYA8nusC,Subterranean termites (Coptotermes formosanus [Blattodea: Rhinotermitidae]) colonies can readily intercept commercial inground bait stations placed at label …,"K Gazdick, SB Lee, N Mizumoto, T Chouvenc, NY Su","Journal of Economic Entomology 118 (3), 1363-1372, 2025",2025,5
2026-08-07T13:40:58Z,olpn-zPbct0C,"More individuals or more groups? Incorporating sampling effort, statistical power, and model accuracy when designing experiments","CM Lynch, M Starkey, D Montgomery, TP Pavlic, N Mizumoto","Behavioral Ecology and Sociobiology 79 (11), 106, 2025",2025,2
2026-08-07T13:40:58Z,wbdj-CoPYUoC,Intragenomic 18S Sequence Variability in the Termite Symbionts Kofoidia loriculata and Kofoidia repleta n. sp. (Parabasalia),"E Mirza, DE Jasso‐Selles, N Mizumoto, GH Gile","Journal of Eukaryotic Microbiology 72 (5), e70039, 2025",2025,2
2026-08-07T13:40:58Z,J-pR_7NvFogC,"Observation of tandem running behavior in dealates of Asian dampwood termite, Hodotermopsis sjostedti","N Mizumoto, W Chambliss, EP Carroll, T Nakazono, T Kanao","Journal of Ethology 43 (3), 239-245, 2025",2025,2
2026-08-07T13:40:58Z,KxtntwgDAa4C,TManual: Assistant for manually measuring length development in structures built by animals,N Mizumoto,"Ecology and Evolution 13 (8), e10394, 2023",2023,2
2026-08-07T13:40:58Z,kRWSkSYxWN8C,Evaluating mate encounter and walking dispersal dynamics of termites using posture tracking and behavioral simulation,N Mizumoto,"Journal of Pest Science 99 (2), 57, 2026",2026,1
2026-08-07T13:40:58Z,5ugPr518TE4C,Variation in soldier investment is linked to the evolution of termite soldier defense strategies,"A Satoh, I Planas-Sitjà, AL Cronin, N Mizumoto","Evolutionary Ecology 40 (2), 21, 2026",2026,1
2026-08-07T13:40:58Z,Mojj43d5GZwC,Loss of pair formation predates the evolution of male-less society in termites,"N Mizumoto, T Yashiro, S Hellemans","Evolution 80 (2), 460-471, 2026",2026,1
2026-08-07T13:40:58Z,tkaPQYYpVKoC,Nesting strategy reflects individual worker movement in termites,"K Kikuchi, T Bourguignon, N Mizumoto","Movement Ecology 13 (1), 88, 2025",2025,1
2026-08-07T13:40:58Z,geHnlv5EZngC,Predation-driven geographical isolation of broods in periodical cicadas,"DCN Cuaresma, MKA Gavina, JF Rabajante, JM Tubay, T Okabe, ...","Scientific Reports 14 (1), 27071, 2024",2024,1
2026-08-07T13:40:58Z,3s1wT3WcHBgC,オスとメスの相互探索の最適化が生み出す動きのパターンの性差,水元惟暁,"動物心理学研究 69 (1), 17-25, 2019",2019,1
2026-08-07T13:40:58Z,lSLTfruPkqcC,Barricade construction by primitive termites: Task allocation and evolutionary perspectives,N Mizumoto,"Artificial Life and Robotics 23 (4), 469-473, 2018",2018,1
2026-08-07T13:40:58Z,5awf1xo2G04C,Beyond mistakes: same-sex partner acceptance and broad mating filters coexist in termite pairing,"N Mizumoto, EP Carroll","EcoEvoRxiv, 2026",2026,0
2026-08-07T13:40:58Z,eq2jaN3J8jMC,Four decades of inland invasion by Formosan subterranean termite in Alabama: expansion associated with transportation infrastructure,"XP Hu, N Mizumoto","EcoEvoRxiv, 2026",2026,0
2026-08-07T13:40:58Z,9vf0nzSNQJEC,Hidden role plasticity of the reproductive caste in a morphologically differentiated termite society,"N Mizumoto, CH Kaliang, T Kanao","Oikos, e12492, 2026",2026,0
2026-08-07T13:40:58Z,dTyEYWd-f8wC,Body-like coordination emerges in paired termite locomotion,"N Mizumoto, S Kamimoto","bioRxiv, 2026.05. 22.727143, 2026",2026,0
2026-08-07T13:40:58Z,JoZmwDi-zQgC,Colony phase structure favors permanent worker evolution in juvenile social systems,N Mizumoto,"bioRxiv, 2026.04. 24.720620, 2026",2026,0
2026-08-07T13:40:58Z,_B80troHkn4C,Independent evolution of a living bridge in the old world army ant lineage,"N Mizumoto, K Arimoto, CH Kaliang, T Kanao","The Science of Nature 113 (2), 28, 2026",2026,0
2026-08-07T13:40:58Z,SdhP9T11ey4C,The evolutionary origin of group recruitment in acorn ants.,"GN Doering, S Gerardi, N Mizumoto, TA Linksvayer","APS Global Physics Summit 2026, 2026",2026,0
2026-08-07T13:40:58Z,Y5dfb0dijaUC,Testing the inbreeding hypothesis of neo-sex-chromosome evolution,"M Adams, K Kikuchi, S Araki, T Yashiro, N Mizumoto, S Hellemans, ...",,2025,0
2026-08-07T13:40:58Z,t6usbXjVLHcC,Diversification of pre-mating behaviors through temporal reordering of components,"E Carroll, T Kanao, N Lo, N Mizumoto","bioRxiv, 2025.10. 22.683896, 2025",2025,0
2026-08-07T13:40:58Z,XiVPGOgt02cC,Evolution of sideways locomotion in crabs,"J Taniguchi, T Inoue, K Kohara, JF Huang, A Hirai, N Mizumoto, ...","bioRxiv, 2025.09. 20.677458, 2025",2025,0
2026-08-07T13:40:58Z,PELIpwtuRlgC,小型生物へ複合刺激を印加可能にするサーボスフィアの制御と評価,志垣俊介， 永谷直久， 水元惟暁， 梅本和希， 龍宏亮， 藤澤隆介,"システム制御情報学会 研究発表講演会講演論文集 第 69 回システム制御情報学会研 …, 2025",2025,0
2026-08-07T13:40:58Z,bnK-pcrLprsC,Japan Eco-Evo English Seminar (JEEES): A platform for international science exchange and professional development in Japan,"H Fujioka, N Mizumoto, JM Kass","Japanese Journal of Ecology 75 (1), 119-126, 2025",2025,0
2026-08-07T13:40:58Z,1qzjygNMrQYC,おおい町および若狭町におけるナカジマシロアリ Glyptotermes nakajimai の報告,水元惟暁,"福井市自然史博物館研究報告= Bulletin of the Fukui City Museum of Natural …, 2024",2024,0
2026-08-07T13:40:58Z,u9iWguZQMMsC,Protocol to obtain long movement trajectories of leaders and followers in ant tandem runs,"Y Tanaka, G Valentini, SC Pratt, H Shimoji, N Mizumoto","STAR protocols 4 (4), 2023",2023,0
2026-08-07T13:40:58Z,eMMeJKvmdy0C,Evolution of leader-follower role in termite tandem runs,"N Mizumoto, K Kikuchi, S Hellemans, T Bourguignon, N Bailey",,2023,0
2026-08-07T13:40:58Z,OU6Ihb5iCvQC,"私とシロアリ, そして VR",水元惟暁,"日本バーチャルリアリティ学会誌 27 (2), 8-11, 2022",2022,0
2026-08-07T13:40:58Z,p2g8aNsByqUC,シロアリのランデブー探索,水元惟暁,"オペレーションズ・リサーチ 67, 167-172, 2022",2022,0
2026-08-07T13:40:58Z,zA6iFVUQeVQC,Convergent evolution of termite tunneling with differentiated behavioral rules,"N Mizumoto, P Bardunias, SC Pratt","Entomology 2019, 2019",2019,0
2026-08-07T13:40:58Z,2P1L_qKh6hAC,Sexually differential movements and optimization of mating encounters,N MIZUMOTO,"Japanese Journal of Animal Psychology 69 (1), 17-25, 2019",2019,0
2026-08-07T13:40:58Z,rO6llkc54NcC,生物の探索行動と建設行動のパターン形成アルゴリズムに関する研究,水元惟暁,"(No Title), 2018",2018,0
2026-08-07T13:40:58Z,RYcK_YlVTxYC,シロアリのオスによる同性ペアの機能と意義の解明,水元惟暁,"昆虫と自然/昆虫と自然編集委員会 編 53 (2), 9-12, 図巻頭 1p, 2018",2018,0
2026-08-07T13:40:58Z,O3NaXMp0MMsC,自己組織化から拓く社会性昆虫の生態学,水元惟暁， 土畑重人,"日本ロボット学会誌 35 (6), 448-454, 2017",2017,0
2026-08-07T13:40:58Z,ns9cj8rnVeAC,シロアリの構造物形成の自己組織化研究: ヤマトシロアリの蟻道建設におけるコロニー特異性,水元惟暁,"しろあり= Termite journal, 21-25, 2015",2015,0
2026-08-07T13:40:58Z,d1gkVwhDpl0C,Emergence of colony-specific architectures in termite shelter-tube construction,"N Mizumoto, K Kobayashi, K Matsuura","IUSSI, 2014",2014,0
